Edit,Item Code,Item Name,Item Volume/Qty,Base Conversion Name,Conversion Volume/Qty,Conversion Name,Conversion Unit,Updated By,Updated Date
,1171,SOYA MILK,1,LITRE,1,UNIT,1.0,,2024-02-11 07:55:00
,1175,SKIMMED MILK 180ML,1,LITRE,1,UNIT,1.0,Sachin,2024-06-20 17:50:45
,1176,SOYA MILK 100 ML TA,1,LITRE,1,UNIT,1.0,,2023-12-19 11:46:04
,1639,WILLIES CACAO MEDELLIN 52% HOT CHOCOLATE (250G),1,Units,1,UNIT,1.0,Shubham,2025-02-11 09:23:47
,1781,ROYCE COTTON TOTE BAG,1,BOX,1,UNIT,1.0,admin1,2025-04-14 07:28:48
,1789,ROYCE RED BENTO BOX,1,BOX,1,UNIT,1.0,admin1,2025-04-14 07:31:13
,1790,ROYCE AMANDE CHOCOLAT MILK,1,BOX,1,UNIT,1.0,admin1,2025-04-23 09:58:00
,1791,ROYCE AROMA CHOCOLATE,1,BOX,1,UNIT,1.0,admin1,2025-04-23 09:59:03
,1792,ROYCE BATON COOKIES COCONUT,1,BOX,1,UNIT,1.0,admin1,2025-04-23 09:59:50
,1793,ROYCE BATON COOKIES HAZEL CACAO,1,BOX,1,UNIT,1.0,admin1,2025-04-23 10:00:19
,1794,ROYCE BLUEBERRY CHOCOLATE,1,BOX,1,UNIT,1.0,admin1,2025-04-23 10:01:45
,1795,ROYCE CHOCOLATE BAR ALMOND,1,BOX,1,UNIT,1.0,admin1,2025-04-23 10:03:36
,1796,ROYCE CHOCOLATE BAR BLACK,1,BOX,1,UNIT,1.0,admin1,2025-04-23 10:05:47
,1797,ROYCE CHOCOLATE BAR MILK,1,BOX,1,UNIT,1.0,admin1,2025-04-23 10:07:43
,1798,ROYCE CHOCOLATE BAR WHITE,1,BOX,1,UNIT,1.0,admin1,2025-04-23 10:16:36
,1799,ROYCE CHOCOLATE WAFERS HAZEL CREAM,1,BOX,1,UNIT,1.0,admin1,2025-04-23 10:08:19
,1800,ROYCE CHOCOLATE WAFERS STRAWBERRY CREAM,1,BOX,1,UNIT,1.0,admin1,2025-04-23 10:10:30
,1801,ROYCE CHOCOLATE WAFERS TIRAMISU,1,BOX,1,UNIT,1.0,admin1,2025-04-23 10:11:04
,1802,ROYCE COFFEE CHOCOLATE,1,BOX,1,UNIT,1.0,admin1,2025-04-23 10:11:30
,1803,ROYCE LEATHER BASKET,1,BOX,1,UNIT,1.0,admin1,2025-04-14 07:32:22
,1804,ROYCE MACADAMIA CHOCOLATE,1,BOX,1,UNIT,1.0,admin1,2025-04-23 10:15:05
,1810,ROYCE NUTTY BAR CHOCOLATE,1,BOX,1,UNIT,1.0,admin1,2025-04-23 10:18:16
,1811,ROYCE ORIGIN CHOCOLATE,1,BOX,1,UNIT,1.0,admin1,2025-04-23 10:19:45
,1812,ROYCE PETITE TRUFFE PRALINE,1,BOX,1,UNIT,1.0,admin1,2025-04-23 10:21:09
,1813,ROYCE POPCORN CHOCOLATE ORIGINAL,1,BOX,1,UNIT,1.0,admin1,2025-04-23 10:22:38
,1814,ROYCE POTATOCHIP CHOCOLATE MILD BITTER,1,BOX,1,UNIT,1.0,admin1,2025-04-23 10:24:10
,1815,ROYCE POTATOCHIP CHOCOLATE ORIGINAL,1,BOX,1,UNIT,1.0,admin1,2025-04-23 10:27:40
,1816,ROYCE POTECHI CRUNCH CHOCOLATE,1,BOX,1,UNIT,1.0,admin1,2025-04-23 10:29:12
,1817,ROYCE PRAFEUILLE CHOCOLAT BERRY CUBE,1,BOX,1,UNIT,1.0,admin1,2025-04-23 10:30:04
,1818,ROYCE PRAFEUILLE CHOCOLAT CARAMEL,1,BOX,1,UNIT,1.0,admin1,2025-04-23 10:31:50
,1819,ROYCE PURE CHOCOLATE CARAMEL MILK,1,BOX,1,UNIT,1.0,admin1,2025-04-23 10:33:33
,1820,ROYCE PURE CHOCOLATE COLOMBIA BITTER,1,BOX,1,UNIT,1.0,admin1,2025-08-22 18:06:08
,1821,ROYCE PURE CHOCOLATE COLOMBIA MILK,1,BOX,1,UNIT,1.0,admin1,2025-04-23 10:36:21
,1822,ROYCE PURE CHOCOLATE CREAMY MILK & WHITE,1,BOX,1,UNIT,1.0,admin1,2025-08-22 18:02:27
,1823,ROYCE PURE CHOCOLATE EXTRA BITTER,1,BOX,1,UNIT,1.0,admin1,2025-08-22 18:06:40
,1824,ROYCE PURE CHOCOLATE SWEET & MILK,1,BOX,1,UNIT,1.0,admin1,2025-08-22 18:01:42
,1825,ROYCE PURE CHOCOLATE VENEZUELA BITTER & GHANA SWEET,1,BOX,1,UNIT,1.0,admin1,2025-08-22 18:03:11
,1826,ROYCE RED GIFT BOX,1,BOX,1,UNIT,1.0,admin1,2025-04-23 10:42:22
,1827,ROYCE TOTE BAG,1,BOX,1,UNIT,1.0,admin1,2025-04-14 07:31:13
,1828,ROYCE UMBRELLA,1,BOX,1,UNIT,1.0,admin1,2025-04-14 07:31:13
,1829,ROYCE SAKURA GIFT BAG,1,BOX,1,UNIT,1.0,admin1,2025-04-14 07:31:12
,1830,THERMAL CARRY BAG,1,BOX,1,UNIT,1.0,admin1,2025-04-14 07:31:12
,1838,ROYCE MAGNET,1,BOX,1,UNIT,1.0,admin1,2025-04-14 07:31:12
,1842,ROYCE CORAL GIFT BOX EMPTY,1,BOX,1,UNIT,1.0,admin1,2025-04-14 07:57:48
,1844,ROYCE RED LEATHER TRAY,1,BOX,1,UNIT,1.0,admin1,2025-04-14 07:32:22
,11010,HANDWASH,1,LITRE,1,UNIT,1.0,,2023-12-29 15:42:35
,11152,CARAMEL FLAVOUR,1,LITRE,1,UNIT,1.0,Sachin,2024-07-26 15:45:45
,11156,CHOCOLATE SYRUP,1,LITRE,1,UNIT,1.0,admin1,2025-02-24 17:24:43
,11157,CINNAMON COFFEE CONCERNTRATE-LITRE,1,LITRE,1,UNIT,1.0,,2024-01-19 13:05:22
,11158,COFFEE BAG - ROYALE KG,1,KILOGRAM,1,UNIT,1.0,admin1,2025-03-14 15:22:34
,11159,COFFEE CONCERNTRATE,1,LITRE,1,UNIT,1.0,,2023-12-29 16:01:23
,11160,CONDENSED MILK-LITRE,1,LITRE,1,UNIT,1.0,,2024-01-19 13:11:45
,11164,FRESH LEMON GRASS JUICE,1,LITRE,1,UNIT,1.0,,2023-12-29 14:37:16
,11165,HAZELNUT FLAVOUR,1,LITRE,1,UNIT,1.0,Sachin,2024-07-26 18:26:57
,11166,HOT CHOCOLATE KG,1,KILOGRAM,1,UNIT,1.0,Shubham,2025-03-10 11:15:12
,11168,IRISH FLAVOUR,1,LITRE,1,UNIT,1.0,Sachin,2024-07-26 18:26:26
,11169,LEMON JUICE,1,LITRE,1,UNIT,1.0,,2023-12-29 14:39:18
,11170,MARSHMALLOWS KG,1,KILOGRAM,1,UNIT,1.0,,2024-01-19 13:19:49
,11172,MILK-LITRE,1,LITRE,1,UNIT,1.0,admin1,2024-11-19 10:28:06
,11173,OLIVE OIL,1,LITRE,1,UNIT,1.0,,2023-12-29 14:39:52
,11178,SOYA MILK - 200ML,1,LITRE,1,UNIT,1.0,,2024-02-13 18:43:22
,11179,SPRITE,1,LITRE,1,UNIT,1.0,,2023-12-29 14:40:52
,11180,SUGAR,1,KILOGRAM,1,UNIT,1.0,,2023-12-29 14:41:28
,11183,VANILLA SYRUP,1,LITRE,1,UNIT,1.0,,2023-12-29 16:04:21
,11212,ROYCE GOLD TWINE,1,BOX,1,UNIT,1.0,admin1,2025-04-14 07:28:48
,11213,ROYCE KEEP IT COOL STICKER,1,BOX,1,UNIT,1.0,admin1,2025-04-14 07:28:48
,11214,LARGE THERMAL BAG,1,BOX,1,UNIT,1.0,admin1,2025-04-14 08:06:46
,11215,ROYCE NAMA GEL PACK,1,BOX,1,UNIT,1.0,admin1,2025-04-14 08:06:45
,11216,NAMA THERMAL BAG - PIECES,1,BOX,1,UNIT,1.0,admin1,2025-04-14 08:09:49
,11217,ROYCE BLUE RIBBON 1 INCH,1,BOX,1,UNIT,1.0,admin1,2025-04-14 07:28:48
,11218,ROYCE BLUE RIBBON 1/2 INCH,1,BOX,1,UNIT,1.0,admin1,2025-04-14 07:28:48
,11219,ROYCE LOCAL GEL PACKS,1,BOX,1,UNIT,1.0,admin1,2025-04-14 08:06:45
,11220,ROYCE EVA BAG RED,1,BOX,1,UNIT,1.0,admin1,2025-04-14 08:08:16
,11221,ROYCE GOLDEN RIBBON 1 INCH,1,BOX,1,UNIT,1.0,admin1,2025-04-14 07:28:47
,11222,ROYCE GOLDEN RIBBON 0.5 INCH,1,BOX,1,UNIT,1.0,admin1,2025-04-14 07:28:47
,11223,ROYCE GREEN RIBBON 0.5 INCH,1,BOX,1,UNIT,1.0,admin1,2025-04-14 07:28:47
,11224,ROYCE GREEN RIBBON 1 INCH,1,BOX,1,UNIT,1.0,admin1,2025-04-14 07:28:47
,11225,ROYCE MESSAGE CARDS,1,BOX,1,UNIT,1.0,admin1,2025-04-14 07:28:47
,11226,ROYCE NAMA COOLING BAG,1,BOX,1,UNIT,1.0,admin1,2025-04-14 08:09:50
,11227,ROYCE PAPER BAG LARGE,1,BOX,1,UNIT,1.0,admin1,2025-04-14 08:06:45
,11228,ROYCE PAPER BAG SMALL,1,BOX,1,UNIT,1.0,admin1,2025-04-14 08:06:45
,11229,ROYCE PAPER BAG MEDIUM,1,BOX,1,UNIT,1.0,admin1,2025-04-14 08:06:45
,11230,ROYCE RED RIBBON 0.5 INCH,1,BOX,1,UNIT,1.0,admin1,2025-04-14 07:28:47
,11231,ROYCE RED RIBBON 1 INCH,1,BOX,1,UNIT,1.0,admin1,2025-04-14 07:28:47
,11232,ROYCE LOCAL COOLING BAG,1,BOX,1,UNIT,1.0,admin1,2025-04-14 07:28:46
,11235,VANILLA ICE CREAM PREMIX,1,KILOGRAM,1,UNIT,1.0,,2023-12-29 14:47:25
,11236,CHOCOLATE ICE CREAM PREMIX,1,KILOGRAM,1,UNIT,1.0,,2023-12-29 14:47:50
,11237,TOMATO KETCHUP,1,KILOGRAM,1,UNIT,1.0,,2023-12-29 14:48:19
,11257,ROYCE HOKKAIDO TOTE BAG,1,BOX,1,UNIT,1.0,admin1,2025-04-14 07:31:12
,11258,ROYCE GIFT WRAPPING NET,1,BOX,1,UNIT,1.0,admin1,2025-04-14 07:32:22
,11260,ROYCE NAMA CHOCOLATE CARAMELISER,1,BOX,1,UNIT,1.0,admin1,2025-04-23 10:42:49
,11261,ROYCE NAMA CHOCOLATE MILD CACAO,1,BOX,1,UNIT,1.0,admin1,2025-04-23 10:45:00
,11262,ROYCE NAMA CHOCOLATE GHANA BITTER,1,BOX,1,UNIT,1.0,admin1,2025-04-22 17:01:58
,11263,ROYCE NAMA CHOCOLATE ECUADOR SWEET,1,BOX,1,UNIT,1.0,admin1,2025-04-23 10:45:55
,11264,ROYCE NAMA CHOCOLATE MILD WHITE,1,BOX,1,UNIT,1.0,admin1,2025-04-23 10:47:18
,11265,ROYCE NAMA CHOCOLATE HAZELNUT,1,BOX,1,UNIT,1.0,admin1,2025-04-23 10:48:51
,11318,ROYCE RED ROSETTE BOX EMPTY,1,BOX,1,UNIT,1.0,admin1,2025-04-14 08:02:35
,11435,MONIN HAZELNUT FLAVOUR - LITRE,1,LITRE,1,UNIT,1.0,,2024-01-19 13:40:07
,11436,MONIN CARAMEL FLAVOUR - LITRE,1,LITRE,1,UNIT,1.0,,2024-01-18 17:49:01
,11437,MONNIN IRISH FLAVOUR - LITRE,1,LITRE,1,UNIT,1.0,,2024-01-19 13:18:05
,11465,ROYCE PISTACHIO CHOCOLATE,1,BOX,1,UNIT,1.0,admin1,2025-04-23 10:50:19
,11466,ROYCE PISTACHIO CRUNCH CHOCOLATE,1,BOX,1,UNIT,1.0,admin1,2025-04-23 10:50:36
,11467,ROYCE FOLDING BAG,1,BOX,1,UNIT,1.0,admin1,2025-04-14 07:31:12
,11513,LE PURE CASHEW ROKA,1,PIECE,1,UNIT,1.0,Shubham,2025-09-02 15:43:29
,11545,ROYCE YUZU GIFT TRAY,1,BOX,1,UNIT,1.0,admin1,2025-04-14 07:31:12
,11626,DOLFIN CHOCOLAT NOIR 88% CACAO (30G),1,PIECE,1,UNIT,1.0,admin1,2025-05-13 15:20:30
,11652,ATMOSPHERE BLUEBERRY LAVENDER KOMBUCHA,1,LITRE,1,UNIT,1.0,,2024-02-10 12:39:04
,11653,ATMOSPHERE SPICY GINGER KOMBUCHA,1,LITRE,1,UNIT,1.0,,2024-02-10 12:39:33
,11654,ATMOSPHERE EXOTIC LIME KOMBUCHA,1,LITRE,1,UNIT,1.0,,2024-02-10 12:40:01
,11655,ATMOSPHERE KOLALA KOMBUCHA,1,LITRE,1,UNIT,1.0,,2024-02-10 12:40:29
,11656,ATMOSPHERE GRAIN FREE PANCAKE MIX,1,KILOGRAM,1,UNIT,1.0,,2024-02-10 12:40:57
,11657,ATMOSPHERE SEA SALT CRACKERS,1,PIECE,1,UNIT,1.0,,2024-03-27 18:33:15
,11658,ATMOSPHERE CARAMELIZED ONION CRACKERS,1,PIECE,1,UNIT,1.0,Sachin,2024-06-20 18:16:32
,11659,ROYCE VALENTINE GIFT BAG S,1,BOX,1,UNIT,1.0,admin1,2025-04-14 07:31:12
,11660,ROYCE VALENTINE GIFT BAG M,1,BOX,1,UNIT,1.0,admin1,2025-04-14 07:31:11
,11663,TEST ITEM 3,1,BOX,10,UNIT,10.0,admin1,2025-04-02 11:17:07
,11668,WILLIES CHOCOLATE POWDER (250GM),1,KILOGRAM,1,UNIT,1.0,,2024-04-18 19:06:53
,11680,ROYCE BROWN PAPER BAG,1,BOX,1,UNIT,1.0,admin1,2025-04-14 07:28:46
,11681,ROYCE GOLDEN RIBBON 1.5 INCH,1,BOX,1,UNIT,1.0,admin1,2025-04-14 07:28:46
,11808,VANILLA ICE CREAM (5 L),5,LITRE,1,UNIT,0.2,admin1,2025-06-09 15:00:09
,11809,CHOCOLATE  ICECREAM (5 L),5,LITRE,1,UNIT,0.2,admin1,2025-06-11 11:09:49
,11810,MANGO ICECREAM (5 L),5,LITRE,1,UNIT,0.2,admin1,2025-06-11 11:09:15
,11811,MANGO POWDER (100 G),1,KILOGRAM,1,UNIT,1.0,Sachin,2024-06-20 18:36:56
,11819,ROYCE BATON COOKIES FROMAGE,1,BOX,1,UNIT,1.0,admin1,2025-04-23 10:50:54
,11827,ROYCE AMBER TREASURE BOX EMPTY,1,BOX,1,UNIT,1.0,admin1,2025-04-14 07:52:40
,11830,ROYCE ROYAL OPULENCE BOX EMPTY,1,BOX,1,UNIT,1.0,admin1,2025-04-14 07:55:20
,11833,ROYCE SIENNA CELEBRATION BOX EMPTY,1,BOX,1,UNIT,1.0,admin1,2025-04-14 07:56:24
,11846,ROYCE CHRISTMAS DECO BALL EMPTY,1,BOX,1,UNIT,1.0,admin1,2025-04-14 07:33:42
,11847,ROYCE HAPPY SELECTION BOX EMPTY,1,BOX,1,UNIT,1.0,admin1,2025-04-14 07:33:42
,11848,ROYCE HOLIDAY SLEEVE CHOCOLATE BAR,1,BOX,1,UNIT,1.0,admin1,2025-04-14 07:31:11
,11849,ROYCE HOLIDAY SLEEVE NUTTY BAR,1,BOX,1,UNIT,1.0,admin1,2025-04-14 07:31:11
,11850,ROYCE HOLIDAY SLEEVE POTATOCHIP,1,BOX,1,UNIT,1.0,admin1,2025-04-14 07:31:11
,11851,ROYCE HOLIDAY FIGURINE,1,BOX,1,UNIT,1.0,admin1,2025-04-14 07:32:22
,11852,SANTA PEN,1,PIECE,1,UNIT,1.0,Shubham,2024-12-09 08:58:03
,11853,PROVENANCE PLUM CAKE,1,PIECE,1,UNIT,1.0,Shubham,2024-12-18 19:26:15
,11859,NAMA TESTING CARTONS,1,CARTON,1,UNIT,1.0,admin1,2025-01-09 14:14:09
,11860,ROYCE RED GIFT BAG SMALL,1,BOX,1,UNIT,1.0,admin1,2025-04-14 08:08:16
,11861,ROYCE RED GIFT BAG LARGE,1,BOX,1,UNIT,1.0,admin1,2025-04-14 08:08:16
,11862,ROYCE NAMA VDAY SLEEVE,1,BOX,1,UNIT,1.0,admin1,2025-04-14 07:32:22
,11863,ROYCE RED PAPER BAG SMALL,1,BOX,1,UNIT,1.0,admin1,2025-04-14 08:06:44
,11865,TEST HAMPER ITEM 1,1,Units,1,UNIT,1.0,admin1,2025-01-14 09:00:01
,11866,TEST HAMPER ITEM 2,1,PIECE,1,UNIT,1.0,admin1,2025-01-14 09:16:52
,11867,TEST HAMPER ITEM 3,1,Units,1,UNIT,1.0,admin1,2025-01-14 19:43:25
,11868,TEST DIWALI HAMPER,1,Units,1,UNIT,1.0,admin1,2025-01-28 11:09:43
,11869,TEST NAMA CARTONS,6,PIECE,1,UNIT,0.17,admin1,2025-01-28 15:24:36
,11870,TEST PURE CHOCOLATE SWEET & MILK,1,PIECE,1,UNIT,1.0,admin1,2025-04-01 09:40:36
,11871,ROYCE ONE OF A KIND GIFT BAG,1,BOX,1,UNIT,1.0,Shubham,2025-03-26 18:19:33
,11880,TEST ROYCE RED ROSETTE BOX EMPTY,1,BOX,1,UNIT,1.0,admin1,2025-04-01 10:43:27
,11881,TEST ROYCE PURE CHOCOLATE SWEET & MILK.,1,PIECE,1,UNIT,1.0,admin1,2025-08-22 18:00:02
,11882,TEST ROYCE PURE CHOCOLATE VENEZUELA BITTER & GHANA SWEET.,1,PIECE,1,UNIT,1.0,admin1,2025-04-01 16:19:40
,11883,TEST ROYCE PURE CHOCOLATE CREAMY MILK & WHITE.,1,PIECE,1,UNIT,1.0,admin1,2025-04-01 16:19:20
,11884,TEST ROYCE CHOCOLATE WAFERS STRAWBERRY CREAM.,1,PIECE,1,UNIT,1.0,admin1,2025-04-01 16:19:00
,11885,TEST ROYCE CHOCOLATE WAFERS HAZEL CREAM.,1,PIECE,1,UNIT,1.0,admin1,2025-04-01 16:14:50
,11886,TEST ROYCE CHOCOLATE WAFERS TIRAMISU.,1,PIECE,1,UNIT,1.0,admin1,2025-04-01 16:18:36
,11887,TEST ROYCE PRAFEUILLE CHOCOLATE CARAMEL.,1,PIECE,1,UNIT,1.0,admin1,2025-04-01 16:18:18
,11888,TEST ROYCE PRAFEUILLE CHOCOLAT BERRY CUBE.,1,PIECE,1,UNIT,1.0,admin1,2025-04-01 16:17:33
,11889,TEST ROYCE AROMA CHOCOLATE.,1,PIECE,1,UNIT,1.0,admin1,2025-04-01 16:16:17
,11890,TEST ROYCE COFFEE CHOCOLATE.,1,PIECE,1,UNIT,1.0,admin1,2025-04-01 16:16:56
,11892,TEST ROYCE GHNA BITTER,1,BOX,1,UNIT,1.0,admin1,2025-04-01 10:31:29
,11902,TEST ROYCE NAMA MLD CACAO,1,BOX,1,UNIT,1.0,admin1,2025-04-01 10:38:31
,11904,TEST ROYCE NUTTY BAR CHOCOLATE,1,BOX,1,UNIT,1.0,admin1,2025-04-01 10:40:35
,11905,TEST ROYCE CHOCOLATE BAR MILK,1,BOX,1,UNIT,1.0,admin1,2025-04-01 10:41:52
,11907,TEST1 ROYCE CHOCOLATE WAFERS TIRAMISU,1,BOX,1,UNIT,1.0,admin1,2025-04-04 12:07:16
,11908,TEST1 ROYCE CHOCOLATE WAFERS  STRAWBERRY CREAM,1,BOX,1,UNIT,1.0,admin1,2025-04-04 12:04:21
,11909,TEST1 ROYCE CHOCOLATE WAFERS KIT,1,PIECE,1,UNIT,1.0,admin1,2025-04-10 09:38:33
,11910,TEST1 ROYCE PRAFEUILLE CHOCOLATE CARAMEL,1,BOX,1,UNIT,1.0,admin1,2025-04-04 12:27:23
,11911,TEST1 ROYCE PRAFEUILLE CHOCOLATE KIT,1,PIECE,1,UNIT,1.0,admin1,2025-04-10 09:40:00
,11912,TEST1 ROYCE PRAFEUILLE CHOCOLAT BERRY CUBE,1,BOX,1,UNIT,1.0,admin1,2025-04-04 12:27:22
,11913,TEST1 ROYCE AROMA CHOCOLATE,1,BOX,1,UNIT,1.0,admin1,2025-04-04 12:19:17
,11914,TEST1 ROYCE AROMA CHOCOLATE KIT,1,PIECE,1,UNIT,1.0,admin1,2025-04-10 09:25:41
,11915,TEST1 ROYCE COFFEE CHOCOLATE,1,BOX,1,UNIT,1.0,admin1,2025-04-04 12:09:13
,11916,TEST1 ROYCE PURE CHOCOLATE SWEET & MILK,1,BOX,1,UNIT,1.0,admin1,2025-04-04 12:23:58
,11917,TEST1 ROYCE COFFEE CHOCOLATE KIT,1,PIECE,1,UNIT,1.0,admin1,2025-04-10 09:39:20
,11918,TEST1 ROYCE PURE CHOCOLATE VENEZUELA BITTER & GHANA SWEET,1,BOX,1,UNIT,1.0,admin1,2025-04-04 12:25:35
,11919,TEST1 ROYCE NAMA GHNA BITTER,1,BOX,1,UNIT,1.0,admin1,2025-04-04 12:10:28
,11920,TEST1 ROYCE PURE CHOCOLATE CREAMY MILK & WHITE,1,BOX,1,UNIT,1.0,admin1,2025-04-04 12:25:35
,11921,TEST1 ROYCE PURE CHOCOLATE KIT,1,PIECE,1,UNIT,1.0,admin1,2025-04-10 09:37:43
,11922,TEST1 ROYCE NAMA MLD CACAO,1,BOX,1,UNIT,1.0,admin1,2025-04-04 12:11:56
,11923,TEST1 ROYCE CHOCOLATE WAFERS HAZEL CREAM,1,BOX,1,UNIT,1.0,admin1,2025-04-04 12:06:00
,11924,TEST1 ROYCE NUTTY BAR CHOCOLATE,1,BOX,1,UNIT,1.0,admin1,2025-04-04 12:29:13
,11925,TEST1 ROYCE NUTTY BAR CHOCOLATE KIT,1,PIECE,1,UNIT,1.0,admin1,2025-04-04 12:36:38
,11926,TEST1 ROYCE CHOCOLATE BAR MILK,1,BOX,1,UNIT,1.0,admin1,2025-04-04 12:00:59
,11971,ROYCE KIT PURE CHOCOLATE,1,PIECE,1,UNIT,1.0,admin1,2025-04-25 20:36:29
,11972,ROYCE KIT PRAFEUILLE CHOCOLAT,1,PIECE,1,UNIT,1.0,admin1,2025-04-25 20:26:06
,11973,ROYCE KIT AROMA CHOCOLATE,1,PIECE,1,UNIT,1.0,admin1,2025-04-25 19:30:31
,11974,ROYCE KIT COFFEE CHOCOLATE,1,PIECE,1,UNIT,1.0,admin1,2025-04-25 20:26:40
,11975,ROYCE KIT CHOCOLATE WAFERS,1,PIECE,1,UNIT,1.0,admin1,2025-04-25 20:38:00
,11976,ROYCE KIT NUTTY BAR CHOCOLATE,1,PIECE,1,UNIT,1.0,admin1,2025-04-25 20:38:41
,11977,ROYCE KIT MACADAMIA CHOCOLATE,1,PIECE,1,UNIT,1.0,admin1,2025-04-25 20:39:04
,11978,ROYCE KIT ORIGIN CHOCOLATE,1,PIECE,1,UNIT,1.0,admin1,2025-04-25 20:39:33
,11979,ROYCE KIT POTECHI CRUNCH CHOCOLATE,1,PIECE,1,UNIT,1.0,admin1,2025-04-25 20:39:58
,11980,ROYCE KIT PISTACHIO CRUNCH CHOCOLATE,1,PIECE,1,UNIT,1.0,admin1,2025-04-25 20:40:21
,11981,ROYCE KIT BLUEBERRY CHOCOLATE,1,PIECE,1,UNIT,1.0,admin1,2025-04-25 20:40:41
,11982,ROYCE KIT BATON COOKIES,1,PIECE,1,UNIT,1.0,admin1,2025-04-25 20:41:03
,12015,ROYCE MARIGOLD MUSE EMPTY,1,BOX,1,UNIT,1.0,admin1,2025-07-22 17:10:27
,12016,ROYCE ORCHID OPULENCE EMPTY,1,BOX,1,UNIT,1.0,admin1,2025-07-22 17:10:27
,12017,ROYCE RUBY RADIANCE EMPTY,1,BOX,1,UNIT,1.0,admin1,2025-07-22 17:10:27
,12018,ROYCE EMBER ELEGANCE EMPTY,1,BOX,1,UNIT,1.0,admin1,2025-07-22 17:10:27
,12019,ROYCE MARIGOLD MUSE SMALL,1,BOX,1,UNIT,1.0,admin1,2025-07-22 17:07:02
,12020,ROYCE MARIGOLD MUSE LARGE,1,BOX,1,UNIT,1.0,admin1,2025-07-22 17:07:01
,12021,ROYCE ORCHID OPULENCE SMALL,1,BOX,1,UNIT,1.0,admin1,2025-07-22 17:07:01
,12022,ROYCE ORCHID OPULENCE LARGE,1,BOX,1,UNIT,1.0,admin1,2025-07-22 17:07:01
,12023,ROYCE RUBY RADIANCE SMALL,1,BOX,1,UNIT,1.0,admin1,2025-07-22 17:07:01
,12024,ROYCE RUBY RADIANCE LARGE,1,BOX,1,UNIT,1.0,admin1,2025-07-22 17:07:01
,12025,ROYCE EMBER ELEGANCE SMALL,1,BOX,1,UNIT,1.0,admin1,2025-07-22 17:07:01
,12026,ROYCE EMBER ELEGANCE LARGE,1,BOX,1,UNIT,1.0,admin1,2025-07-22 17:07:00
,12027,PROVENANCE POUCH,1,PIECE,1,UNIT,1.0,Shubham,2025-07-31 11:24:05
,12028,THE SECRET LIFE OF NUTS AND RAISINS,1,PIECE,1,UNIT,1.0,Shubham,2025-09-17 13:16:54
,12029,THE MANGO MENACE - 55% DARK ALPHONSO MANGO CHILLI CHOCOLATE,1,PIECE,1,UNIT,1.0,Shubham,2025-09-17 13:05:31
,12030,40% GHANA SINGLE ORIGIN MILK CHOCOLATE,1,PIECE,1,UNIT,1.0,Shubham,2025-09-02 15:23:46
,12031,70% ECUADOR SINGLE ORIGIN DARK CHOCOLATE BAR,1,PIECE,1,UNIT,1.0,Shubham,2025-09-02 15:24:33
,12032,SEA SALT CARAMEL DRAGEES JAR,1,PIECE,1,UNIT,1.0,Shubham,2025-09-02 15:21:40
,12033,KUNAFA CHOCOLATE BAR,1,PIECE,1,UNIT,1.0,Shubham,2025-09-02 15:22:38
,12034,70% SEA SALT CARAMEL DARK BAR,1,PIECE,1,UNIT,1.0,Shubham,2025-09-02 15:11:34
,12035,BISCOFF DRAGEES JAR,1,PIECE,1,UNIT,1.0,Shubham,2025-09-02 15:15:04
,12036,MACADAMIA DRAGEES JAR,1,PIECE,1,UNIT,1.0,Shubham,2025-09-02 15:17:24
,12037,BLUEBERRY CHEESECAKE DRAGEES JAR,1,PIECE,1,UNIT,1.0,Shubham,2025-09-02 15:46:24
,12056,ROYCE RED PAPER BAG XL,1,PIECE,1,UNIT,1.0,Shubham,2025-09-16 09:16:33
,12057,ROYCE RED PAPER BAG XXL,1,PIECE,1,UNIT,1.0,Shubham,2025-09-16 09:19:45
,12058,JACADI ECOM BOX,1,PIECE,1,UNIT,1.0,Shubham,2025-09-16 12:15:52
,12059,ROYCE POTEGOMA COOKIES,1,BOX,1,UNIT,1.0,admin1,2025-10-08 17:45:01
,12060,ROYCE MACADAMIA GIANDUJA CHOCOLATE,1,BOX,1,UNIT,1.0,admin1,2025-10-08 17:46:07
